{
  "settings": {
    "num_iterations": 1,
    "temperature": 0.7,
    "max_steps": 10,
    "task_name": "Visual Feature Extraction"
  },
  "iteration_history": [
    {
      "iteration": 1,
      "student_output": "Okay, here\u2019s my analysis of the visual features in the image, following your requested format:\n\n1.  **Wisteria:** There are prominent clusters of purple wisteria flowers hanging down from the columns.\n    Reasoning: The image clearly shows long, drooping vines covered in small, purple flowers. These are easily identifiable as wisteria.\n\n2.  **Columns:** Tall, vertical columns are present on either side of the pathway.\n    Reasoning: I can see a repeating vertical structure that appears to be made of wood or stone, forming a defined border along the path.\n\n3.  **Pathway:** A stone pathway curves through the center of the image.\n    Reasoning: A distinct, linear element running horizontally across the frame, constructed of rectangular stones, indicates a path or walkway.\n\n4.  **Flowers (Various Colors):** A wide variety of colorful flowers are scattered throughout the scene.\n    Reasoning: There are numerous plants with blossoms in shades of pink, red, blue, purple, and yellow, densely packed along the pathway and in the surrounding areas.\n\n5.  **Greenery (Tropical Plants):** Large, leafy tropical plants are visible, particularly on either side of the pathway.\n    Reasoning: I observe broad, lush foliage, suggesting tropical plants like palms or large ferns, adding to the overall landscape.\n\n6.  **Sunlight:** A bright, golden sun is shining through the wisteria, creating a strong light source.\n    Reasoning: A radiant, circular light source is visible, partially obscured by the wisteria branches, indicating a sunny day.\n\n7.  **Purple Dominance:** The overall color palette is dominated by shades of purple, particularly in the wisteria and some of the flowers.\n    Reasoning: When I scan the image, purple is the most frequently occurring color, appearing in the sky, flowers, and foliage.\n\n8.  **Warm Lighting:** The lighting appears warm and inviting, with highlights and shadows suggesting a sunny environment.\n    Reasoning: The light source creates a gradient of brightness, with brighter areas near the sun and darker areas in the shaded areas of the pathway and foliage.\n\n9.  **Vertical Composition:** The image has a strong vertical emphasis due to the tall columns and the winding path.\n    Reasoning: The visual elements are arranged predominantly along a vertical axis, creating a sense of height and depth.\n\n10. **Dreamlike/Stylized Style:** The image has a slightly surreal and stylized appearance, with vibrant colors and exaggerated forms.\n    Reasoning: The colors are very saturated, and the shapes of the plants and flowers are somewhat simplified, giving the image a fantastical or artistic quality. \n\nLet me know if you\u2019d like me to elaborate on any of these features!",
      "teacher_response": {
        "teacher_features": [
          "Stone pathway winding through a garden",
          "Overhanging wisteria vines with purple flowers",
          "Tall white columns framing the pathway",
          "Variety of colorful flowers (red, pink, purple, blue, yellow)",
          "Lush green tropical foliage",
          "Bright sunlight filtering through the wisteria",
          "Dominant purple and green color palette",
          "Digital painting or illustration style",
          "Strong vertical lines created by columns and vines",
          "Warm and inviting lighting with soft shadows"
        ],
        "step_feedback": [
          {
            "index": 1,
            "student_step": "Wisteria: There are prominent clusters of purple wisteria flowers hanging down from the columns.",
            "label": "EXACT_MATCH",
            "comment": "Accurately identifies the wisteria and its color and location."
          },
          {
            "index": 2,
            "student_step": "Columns: Tall, vertical columns are present on either side of the pathway.",
            "label": "EXACT_MATCH",
            "comment": "Correctly identifies the columns and their placement."
          },
          {
            "index": 3,
            "student_step": "Pathway: A stone pathway curves through the center of the image.",
            "label": "EXACT_MATCH",
            "comment": "Accurately describes the pathway's material and shape."
          },
          {
            "index": 4,
            "student_step": "Flowers (Various Colors): A wide variety of colorful flowers are scattered throughout the scene.",
            "label": "EXACT_MATCH",
            "comment": "Correctly identifies the presence of diverse flowers."
          },
          {
            "index": 5,
            "student_step": "Greenery (Tropical Plants): Large, leafy tropical plants are visible, particularly on either side of the pathway.",
            "label": "EXACT_MATCH",
            "comment": "Accurately describes the foliage as tropical and its location."
          },
          {
            "index": 6,
            "student_step": "Sunlight: A bright, golden sun is shining through the wisteria, creating a strong light source.",
            "label": "EXACT_MATCH",
            "comment": "Correctly identifies the sunlight and its interaction with the wisteria."
          },
          {
            "index": 7,
            "student_step": "Purple Dominance: The overall color palette is dominated by shades of purple, particularly in the wisteria and some of the flowers.",
            "label": "EXACT_MATCH",
            "comment": "Accurately identifies purple as a dominant color."
          },
          {
            "index": 8,
            "student_step": "Warm Lighting: The lighting appears warm and inviting, with highlights and shadows suggesting a sunny environment.",
            "label": "EXACT_MATCH",
            "comment": "Correctly describes the lighting as warm and inviting."
          },
          {
            "index": 9,
            "student_step": "Vertical Composition: The image has a strong vertical emphasis due to the tall columns and the winding path.",
            "label": "PARTIAL",
            "comment": "While there is vertical emphasis, the winding path contributes to a sense of depth and curvature, not just verticality. It's a bit of an oversimplification."
          },
          {
            "index": 10,
            "student_step": "Dreamlike/Stylized Style: The image has a slightly surreal and stylized appearance, with vibrant colors and exaggerated forms.",
            "label": "EXACT_MATCH",
            "comment": "Accurately identifies the image's artistic style."
          }
        ],
        "overall_reward": 1,
        "reward_explanation": "The student accurately identified all key features and provided logical reasoning. The only minor issue was a slight oversimplification of the composition, but overall the performance was excellent.",
        "advice_to_student": "Continue to focus on precise descriptions and avoid overgeneralizations. Consider how different elements interact to create the overall impression of the image. You are doing a great job grounding your observations in the visual details!"
      },
      "reward": 1
    }
  ]
}